{"filename":"archive4","time":"2025/2/7-14:03:33","level":1,"process":4.0,"pos":{"x":1.16947079,"y":1.30092955}}