{"filename":"archive2","time":"2025/2/7-14:03:33","level":1,"process":2.0,"pos":{"x":1.65249622,"y":1.02277982}}