{"filename":"archive2","time":"2025/2/7-10:48:22","level":1,"process":2.0,"pos":{"x":1.93318093,"y":1.24325252}}