{"filename":"archive0","time":"2025/2/7-14:03:33","level":1,"process":0.0,"pos":{"x":1.465406,"y":1.14814258}}