{"filename":"archive0","time":"2025/2/7-10:48:22","level":1,"process":0.0,"pos":{"x":1.15041578,"y":1.33655882}}