{"filename":"archive4","time":"2025/2/7-10:48:22","level":1,"process":4.0,"pos":{"x":1.85102129,"y":1.15934336}}