{"filename":"archive1","time":"2025/2/7-10:48:22","level":1,"process":1.0,"pos":{"x":1.360162,"y":1.15785861}}