{"filename":"archive3","time":"2025/2/7-10:48:22","level":1,"process":3.0,"pos":{"x":1.66828287,"y":1.71640086}}