{"filename":"archive1","time":"2025/2/7-14:03:33","level":1,"process":1.0,"pos":{"x":1.24702418,"y":1.9096421}}