{"filename":"archive3","time":"2025/2/7-14:03:33","level":1,"process":3.0,"pos":{"x":1.72579575,"y":1.94642007}}